Image Name,Z-level,Pouch Height,Clone Genotype,Clone ID,Clone Area,Border Area,Center Area,Caspase Coverage,Caspase Border,Caspase Center,Clone Fluorescence IntDen,Center Fluorescence IntDen,Border Fluorescence IntDen
12_5_19_Miwo_X_yw_or_ref2pRNAi_females_DCP1555_25minHSd3.lif12_5_19_Miwo_X_yw_or_ref2pRNAi_females_DCP1555_25minHSd3.lif - ref2pRNAi_020,2,14,1,1,2.255,32.231,0.000,0.000,0.000,0.000,28.084,0.000,1255.936
12_5_19_Miwo_X_yw_or_ref2pRNAi_females_DCP1555_25minHSd3.lif12_5_19_Miwo_X_yw_or_ref2pRNAi_females_DCP1555_25minHSd3.lif - ref2pRNAi_020,2,14,1,2,32.231,641.865,633.207,8.658,56.096,0.000,1255.936,55591.803,56578.392
12_5_19_Miwo_X_yw_or_ref2pRNAi_females_DCP1555_25minHSd3.lif12_5_19_Miwo_X_yw_or_ref2pRNAi_females_DCP1555_25minHSd3.lif - ref2pRNAi_020,3,14,1,2,56.096,684.137,670.386,13.751,69.483,0.000,5573.499,59073.749,60771.322
12_5_19_Miwo_X_yw_or_ref2pRNAi_females_DCP1555_25minHSd3.lif12_5_19_Miwo_X_yw_or_ref2pRNAi_females_DCP1555_25minHSd3.lif - ref2pRNAi_020,4,14,1,2,69.483,733.612,719.060,14.551,71.375,0.000,7325.203,61727.352,63676.084
12_5_19_Miwo_X_yw_or_ref2pRNAi_females_DCP1555_25minHSd3.lif12_5_19_Miwo_X_yw_or_ref2pRNAi_females_DCP1555_25minHSd3.lif - ref2pRNAi_020,5,14,1,2,71.375,764.097,741.106,22.991,60.534,0.000,8230.741,64560.958,67406.859
12_5_19_Miwo_X_yw_or_ref2pRNAi_females_DCP1555_25minHSd3.lif12_5_19_Miwo_X_yw_or_ref2pRNAi_females_DCP1555_25minHSd3.lif - ref2pRNAi_020,6,14,1,2,60.534,799.530,769.190,30.340,49.329,0.000,7386.902,67671.986,71489.998
12_5_19_Miwo_X_yw_or_ref2pRNAi_females_DCP1555_25minHSd3.lif12_5_19_Miwo_X_yw_or_ref2pRNAi_females_DCP1555_25minHSd3.lif - ref2pRNAi_020,7,14,1,2,49.329,823.030,794.873,28.157,22.264,0.000,5459.634,68162.370,71704.559
12_5_19_Miwo_X_yw_or_ref2pRNAi_females_DCP1555_25minHSd3.lif12_5_19_Miwo_X_yw_or_ref2pRNAi_females_DCP1555_25minHSd3.lif - ref2pRNAi_020,8,14,1,2,22.264,844.494,817.355,27.138,17.607,0.000,2351.588,69030.365,71976.598
12_5_19_Miwo_X_yw_or_ref2pRNAi_females_DCP1555_25minHSd3.lif12_5_19_Miwo_X_yw_or_ref2pRNAi_females_DCP1555_25minHSd3.lif - ref2pRNAi_020,9,14,1,2,17.607,858.172,827.032,31.140,11.859,0.000,1390.392,68072.588,71771.787
12_5_19_Miwo_X_yw_or_ref2pRNAi_females_DCP1555_25minHSd3.lif12_5_19_Miwo_X_yw_or_ref2pRNAi_females_DCP1555_25minHSd3.lif - ref2pRNAi_020,10,14,1,2,11.859,855.044,824.195,30.849,8.658,0.000,656.271,67394.054,71223.415
12_5_19_Miwo_X_yw_or_ref2pRNAi_females_DCP1555_25minHSd3.lif12_5_19_Miwo_X_yw_or_ref2pRNAi_females_DCP1555_25minHSd3.lif - ref2pRNAi_020,11,14,1,2,8.658,835.545,816.409,19.135,3.565,0.000,406.859,67522.907,69927.608
12_5_19_Miwo_X_yw_or_ref2pRNAi_females_DCP1555_25minHSd3.lif12_5_19_Miwo_X_yw_or_ref2pRNAi_females_DCP1555_25minHSd3.lif - ref2pRNAi_020,12,14,1,2,3.565,843.912,827.905,16.007,6.257,0.000,514.685,68649.553,70476.634
12_5_19_Miwo_X_yw_or_ref2pRNAi_females_DCP1555_25minHSd3.lif12_5_19_Miwo_X_yw_or_ref2pRNAi_females_DCP1555_25minHSd3.lif - ref2pRNAi_020,13,14,1,2,6.257,845.149,830.452,14.697,5.602,0.000,881.454,69519.439,71217.594
12_5_19_Miwo_X_yw_or_ref2pRNAi_females_DCP1555_25minHSd3.lif12_5_19_Miwo_X_yw_or_ref2pRNAi_females_DCP1555_25minHSd3.lif - ref2pRNAi_020,14,14,1,2,5.602,840.201,832.780,7.421,3.347,0.000,618.000,69161.692,70145.443
12_5_19_Miwo_X_yw_or_ref2pRNAi_females_DCP1555_25minHSd3.lif12_5_19_Miwo_X_yw_or_ref2pRNAi_females_DCP1555_25minHSd3.lif - ref2pRNAi_020,15,14,1,2,3.347,825.359,822.667,2.692,3.565,0.000,552.955,68267.432,68599.205
12_5_19_Miwo_X_yw_or_ref2pRNAi_females_DCP1555_25minHSd3.lif12_5_19_Miwo_X_yw_or_ref2pRNAi_females_DCP1555_25minHSd3.lif - ref2pRNAi_020,15,14,1,2,3.565,21.536,0.000,0.000,0.000,0.000,630.078,0.000,725.245
12_5_19_Miwo_X_yw_or_ref2pRNAi_females_DCP1555_25minHSd3.lif12_5_19_Miwo_X_yw_or_ref2pRNAi_females_DCP1555_25minHSd3.lif - ref2pRNAi_020,16,14,1,2,21.536,865.302,863.847,1.455,2.110,0.000,725.245,68561.881,68723.184
12_5_19_Miwo_X_yw_or_ref2pRNAi_females_DCP1555_25minHSd3.lif12_5_19_Miwo_X_yw_or_ref2pRNAi_females_DCP1555_25minHSd3.lif - ref2pRNAi_020,2,14,1,3,2.110,1086.557,891.495,195.062,133.801,117.503,320.059,82330.033,108083.637
12_5_19_Miwo_X_yw_or_ref2pRNAi_females_DCP1555_25minHSd3.lif12_5_19_Miwo_X_yw_or_ref2pRNAi_females_DCP1555_25minHSd3.lif - ref2pRNAi_020,3,14,1,3,16.298,1111.877,940.824,171.052,131.181,112.847,1650.208,87632.874,111355.241
12_5_19_Miwo_X_yw_or_ref2pRNAi_females_DCP1555_25minHSd3.lif12_5_19_Miwo_X_yw_or_ref2pRNAi_females_DCP1555_25minHSd3.lif - ref2pRNAi_020,4,14,1,3,18.335,1134.141,985.279,148.861,128.562,128.417,2048.409,92117.997,113315.832
12_5_19_Miwo_X_yw_or_ref2pRNAi_females_DCP1555_25minHSd3.lif12_5_19_Miwo_X_yw_or_ref2pRNAi_females_DCP1555_25minHSd3.lif - ref2pRNAi_020,5,14,1,3,0.146,1151.093,997.575,153.518,117.139,0.000,20.372,92084.165,113137.868
12_5_19_Miwo_X_yw_or_ref2pRNAi_females_DCP1555_25minHSd3.lif12_5_19_Miwo_X_yw_or_ref2pRNAi_females_DCP1555_25minHSd3.lif - ref2pRNAi_020,6,14,1,3,117.139,1202.605,1000.849,201.756,100.914,0.000,11598.457,88084.261,116030.697
12_5_19_Miwo_X_yw_or_ref2pRNAi_females_DCP1555_25minHSd3.lif12_5_19_Miwo_X_yw_or_ref2pRNAi_females_DCP1555_25minHSd3.lif - ref2pRNAi_020,7,14,1,3,100.914,1236.947,1043.121,193.825,90.583,0.000,8984.943,92642.650,117771.997
12_5_19_Miwo_X_yw_or_ref2pRNAi_females_DCP1555_25minHSd3.lif12_5_19_Miwo_X_yw_or_ref2pRNAi_females_DCP1555_25minHSd3.lif - ref2pRNAi_020,8,14,1,3,90.583,1277.763,1079.645,198.118,84.035,0.000,8274.322,94663.411,119296.190
12_5_19_Miwo_X_yw_or_ref2pRNAi_females_DCP1555_25minHSd3.lif12_5_19_Miwo_X_yw_or_ref2pRNAi_females_DCP1555_25minHSd3.lif - ref2pRNAi_020,9,14,1,3,84.035,1307.303,1099.726,207.577,71.520,0.000,7926.470,95332.050,121077.070
12_5_19_Miwo_X_yw_or_ref2pRNAi_females_DCP1555_25minHSd3.lif12_5_19_Miwo_X_yw_or_ref2pRNAi_females_DCP1555_25minHSd3.lif - ref2pRNAi_020,10,14,1,3,71.520,1319.235,1101.618,217.617,49.329,0.000,6241.411,95055.936,122378.916
12_5_19_Miwo_X_yw_or_ref2pRNAi_females_DCP1555_25minHSd3.lif12_5_19_Miwo_X_yw_or_ref2pRNAi_females_DCP1555_25minHSd3.lif - ref2pRNAi_020,11,14,1,3,49.329,1313.414,1097.034,216.380,5.748,0.000,4344.556,94367.507,121426.014
12_5_19_Miwo_X_yw_or_ref2pRNAi_females_DCP1555_25minHSd3.lif12_5_19_Miwo_X_yw_or_ref2pRNAi_females_DCP1555_25minHSd3.lif - ref2pRNAi_020,12,14,1,3,5.748,1318.580,1096.816,221.764,4.002,0.000,539.131,93754.454,120916.058
12_5_19_Miwo_X_yw_or_ref2pRNAi_females_DCP1555_25minHSd3.lif12_5_19_Miwo_X_yw_or_ref2pRNAi_females_DCP1555_25minHSd3.lif - ref2pRNAi_020,13,14,1,3,4.002,1338.225,1107.075,231.150,3.711,0.000,358.402,93726.515,121781.942
12_5_19_Miwo_X_yw_or_ref2pRNAi_females_DCP1555_25minHSd3.lif12_5_19_Miwo_X_yw_or_ref2pRNAi_females_DCP1555_25minHSd3.lif - ref2pRNAi_020,14,14,1,3,3.711,1334.223,1093.615,240.608,1.382,0.000,329.081,91845.012,120354.299
12_5_19_Miwo_X_yw_or_ref2pRNAi_females_DCP1555_25minHSd3.lif12_5_19_Miwo_X_yw_or_ref2pRNAi_females_DCP1555_25minHSd3.lif - ref2pRNAi_020,15,14,1,3,1.382,296.631,0.000,296.631,1.382,0.000,123.105,0.000,16049.529
12_5_19_Miwo_X_yw_or_ref2pRNAi_females_DCP1555_25minHSd3.lif12_5_19_Miwo_X_yw_or_ref2pRNAi_females_DCP1555_25minHSd3.lif - ref2pRNAi_020,15,14,1,3,1.382,1032.426,781.850,0.000,0.000,0.000,105.425,75118.476,104046.045
12_5_19_Miwo_X_yw_or_ref2pRNAi_females_DCP1555_25minHSd3.lif12_5_19_Miwo_X_yw_or_ref2pRNAi_females_DCP1555_25minHSd3.lif - ref2pRNAi_020,16,14,1,3,250.576,271.166,0.000,271.166,1.237,0.000,28927.569,0.000,14874.717
12_5_19_Miwo_X_yw_or_ref2pRNAi_females_DCP1555_25minHSd3.lif12_5_19_Miwo_X_yw_or_ref2pRNAi_females_DCP1555_25minHSd3.lif - ref2pRNAi_020,16,14,1,3,1.237,1039.847,779.231,0.000,0.000,0.000,86.290,74717.365,104559.857
12_5_19_Miwo_X_yw_or_ref2pRNAi_females_DCP1555_25minHSd3.lif12_5_19_Miwo_X_yw_or_ref2pRNAi_females_DCP1555_25minHSd3.lif - ref2pRNAi_020,16,14,1,3,260.617,15.134,0.000,0.000,0.000,0.000,29842.491,0.000,481.217
12_5_19_Miwo_X_yw_or_ref2pRNAi_females_DCP1555_25minHSd3.lif12_5_19_Miwo_X_yw_or_ref2pRNAi_females_DCP1555_25minHSd3.lif - ref2pRNAi_020,2,14,1,4,15.134,91.674,0.000,91.674,27.357,0.000,481.217,0.000,5708.318
12_5_19_Miwo_X_yw_or_ref2pRNAi_females_DCP1555_25minHSd3.lif12_5_19_Miwo_X_yw_or_ref2pRNAi_females_DCP1555_25minHSd3.lif - ref2pRNAi_020,3,14,1,4,27.357,102.224,0.000,102.224,27.866,0.000,2245.072,0.000,5866.056
12_5_19_Miwo_X_yw_or_ref2pRNAi_females_DCP1555_25minHSd3.lif12_5_19_Miwo_X_yw_or_ref2pRNAi_females_DCP1555_25minHSd3.lif - ref2pRNAi_020,4,14,1,4,27.866,107.317,0.000,107.317,28.885,0.000,2126.986,0.000,5834.770
12_5_19_Miwo_X_yw_or_ref2pRNAi_females_DCP1555_25minHSd3.lif12_5_19_Miwo_X_yw_or_ref2pRNAi_females_DCP1555_25minHSd3.lif - ref2pRNAi_020,5,14,1,4,28.885,97.713,0.000,97.713,30.704,0.000,2070.090,0.000,5683.144
12_5_19_Miwo_X_yw_or_ref2pRNAi_females_DCP1555_25minHSd3.lif12_5_19_Miwo_X_yw_or_ref2pRNAi_females_DCP1555_25minHSd3.lif - ref2pRNAi_020,6,14,1,4,30.704,94.803,0.000,94.803,22.919,0.000,2311.863,0.000,5600.274
12_5_19_Miwo_X_yw_or_ref2pRNAi_females_DCP1555_25minHSd3.lif12_5_19_Miwo_X_yw_or_ref2pRNAi_females_DCP1555_25minHSd3.lif - ref2pRNAi_020,7,14,1,4,22.919,99.241,0.000,99.241,15.206,0.000,1746.393,0.000,5493.684
12_5_19_Miwo_X_yw_or_ref2pRNAi_females_DCP1555_25minHSd3.lif12_5_19_Miwo_X_yw_or_ref2pRNAi_females_DCP1555_25minHSd3.lif - ref2pRNAi_020,8,14,1,4,15.206,114.156,0.000,114.156,2.765,0.000,1045.740,0.000,6168.799
12_5_19_Miwo_X_yw_or_ref2pRNAi_females_DCP1555_25minHSd3.lif12_5_19_Miwo_X_yw_or_ref2pRNAi_females_DCP1555_25minHSd3.lif - ref2pRNAi_020,9,14,1,4,2.765,122.014,0.000,0.000,0.000,0.000,144.205,0.000,6294.233
12_5_19_Miwo_X_yw_or_ref2pRNAi_females_DCP1555_25minHSd3.lif12_5_19_Miwo_X_yw_or_ref2pRNAi_females_DCP1555_25minHSd3.lif - ref2pRNAi_020,10,14,1,4,122.014,127.398,0.000,0.000,0.000,0.000,6294.233,0.000,6276.480
12_5_19_Miwo_X_yw_or_ref2pRNAi_females_DCP1555_25minHSd3.lif12_5_19_Miwo_X_yw_or_ref2pRNAi_females_DCP1555_25minHSd3.lif - ref2pRNAi_020,11,14,1,4,127.398,119.176,0.000,119.176,1.237,0.000,6276.480,0.000,5869.403
12_5_19_Miwo_X_yw_or_ref2pRNAi_females_DCP1555_25minHSd3.lif12_5_19_Miwo_X_yw_or_ref2pRNAi_females_DCP1555_25minHSd3.lif - ref2pRNAi_020,12,14,1,4,1.237,110.373,0.000,110.373,2.255,0.000,89.782,0.000,5455.850
12_5_19_Miwo_X_yw_or_ref2pRNAi_females_DCP1555_25minHSd3.lif12_5_19_Miwo_X_yw_or_ref2pRNAi_females_DCP1555_25minHSd3.lif - ref2pRNAi_020,13,14,1,4,2.255,101.569,0.000,0.000,0.000,0.000,159.047,0.000,4780.008
12_5_19_Miwo_X_yw_or_ref2pRNAi_females_DCP1555_25minHSd3.lif12_5_19_Miwo_X_yw_or_ref2pRNAi_females_DCP1555_25minHSd3.lif - ref2pRNAi_020,14,14,1,4,101.569,93.275,0.000,0.000,0.000,0.000,4780.008,0.000,4152.040
12_5_19_Miwo_X_yw_or_ref2pRNAi_females_DCP1555_25minHSd3.lif12_5_19_Miwo_X_yw_or_ref2pRNAi_females_DCP1555_25minHSd3.lif - ref2pRNAi_020,15,14,1,4,93.275,96.985,0.000,0.000,0.000,0.000,4152.040,0.000,4085.758
12_5_19_Miwo_X_yw_or_ref2pRNAi_females_DCP1555_25minHSd3.lif12_5_19_Miwo_X_yw_or_ref2pRNAi_females_DCP1555_25minHSd3.lif - ref2pRNAi_020,16,14,1,4,96.985,106.298,0.000,0.000,0.000,0.000,4085.758,0.000,4172.412
12_5_19_Miwo_X_yw_or_ref2pRNAi_females_DCP1555_25minHSd3.lif12_5_19_Miwo_X_yw_or_ref2pRNAi_females_DCP1555_25minHSd3.lif - ref2pRNAi_020,2,14,1,5,106.298,37.834,0.000,0.000,0.000,0.000,4172.412,0.000,2020.543
12_5_19_Miwo_X_yw_or_ref2pRNAi_females_DCP1555_25minHSd3.lif12_5_19_Miwo_X_yw_or_ref2pRNAi_females_DCP1555_25minHSd3.lif - ref2pRNAi_020,3,14,1,5,37.834,38.270,0.000,0.000,0.000,0.000,2020.543,0.000,1948.149
12_5_19_Miwo_X_yw_or_ref2pRNAi_females_DCP1555_25minHSd3.lif12_5_19_Miwo_X_yw_or_ref2pRNAi_females_DCP1555_25minHSd3.lif - ref2pRNAi_020,4,14,1,5,38.270,37.907,0.000,0.000,0.000,0.000,1948.149,0.000,2208.620
12_5_19_Miwo_X_yw_or_ref2pRNAi_females_DCP1555_25minHSd3.lif12_5_19_Miwo_X_yw_or_ref2pRNAi_females_DCP1555_25minHSd3.lif - ref2pRNAi_020,5,14,1,5,37.907,42.272,0.000,0.000,0.000,0.000,2208.620,0.000,2429.438
12_5_19_Miwo_X_yw_or_ref2pRNAi_females_DCP1555_25minHSd3.lif12_5_19_Miwo_X_yw_or_ref2pRNAi_females_DCP1555_25minHSd3.lif - ref2pRNAi_020,6,14,1,5,42.272,42.636,0.000,0.000,0.000,0.000,2429.438,0.000,2395.461
12_5_19_Miwo_X_yw_or_ref2pRNAi_females_DCP1555_25minHSd3.lif12_5_19_Miwo_X_yw_or_ref2pRNAi_females_DCP1555_25minHSd3.lif - ref2pRNAi_020,7,14,1,5,42.636,40.599,0.000,0.000,0.000,0.000,2395.461,0.000,2139.355
12_5_19_Miwo_X_yw_or_ref2pRNAi_females_DCP1555_25minHSd3.lif12_5_19_Miwo_X_yw_or_ref2pRNAi_females_DCP1555_25minHSd3.lif - ref2pRNAi_020,8,14,1,5,40.599,37.179,0.000,0.000,0.000,0.000,2139.355,0.000,1931.633
12_5_19_Miwo_X_yw_or_ref2pRNAi_females_DCP1555_25minHSd3.lif12_5_19_Miwo_X_yw_or_ref2pRNAi_females_DCP1555_25minHSd3.lif - ref2pRNAi_020,9,14,1,5,37.179,29.539,0.000,0.000,0.000,0.000,1931.633,0.000,1618.777
12_5_19_Miwo_X_yw_or_ref2pRNAi_females_DCP1555_25minHSd3.lif12_5_19_Miwo_X_yw_or_ref2pRNAi_females_DCP1555_25minHSd3.lif - ref2pRNAi_020,10,14,1,5,29.539,25.320,0.000,0.000,0.000,0.000,1618.777,0.000,1525.138
12_5_19_Miwo_X_yw_or_ref2pRNAi_females_DCP1555_25minHSd3.lif12_5_19_Miwo_X_yw_or_ref2pRNAi_females_DCP1555_25minHSd3.lif - ref2pRNAi_020,11,14,1,5,25.320,26.338,0.000,0.000,0.000,0.000,1525.138,0.000,1642.641
12_5_19_Miwo_X_yw_or_ref2pRNAi_females_DCP1555_25minHSd3.lif12_5_19_Miwo_X_yw_or_ref2pRNAi_females_DCP1555_25minHSd3.lif - ref2pRNAi_020,12,14,1,5,26.338,31.213,0.000,0.000,0.000,0.000,1642.641,0.000,1819.660
12_5_19_Miwo_X_yw_or_ref2pRNAi_females_DCP1555_25minHSd3.lif12_5_19_Miwo_X_yw_or_ref2pRNAi_females_DCP1555_25minHSd3.lif - ref2pRNAi_020,13,14,1,5,31.213,33.541,0.000,0.000,0.000,0.000,1819.660,0.000,2079.840
12_5_19_Miwo_X_yw_or_ref2pRNAi_females_DCP1555_25minHSd3.lif12_5_19_Miwo_X_yw_or_ref2pRNAi_females_DCP1555_25minHSd3.lif - ref2pRNAi_020,14,14,1,5,33.541,38.780,0.000,0.000,0.000,0.000,2079.840,0.000,2224.991
12_5_19_Miwo_X_yw_or_ref2pRNAi_females_DCP1555_25minHSd3.lif12_5_19_Miwo_X_yw_or_ref2pRNAi_females_DCP1555_25minHSd3.lif - ref2pRNAi_020,15,14,1,5,38.780,38.270,0.000,0.000,0.000,0.000,2224.991,0.000,2044.843
12_5_19_Miwo_X_yw_or_ref2pRNAi_females_DCP1555_25minHSd3.lif12_5_19_Miwo_X_yw_or_ref2pRNAi_females_DCP1555_25minHSd3.lif - ref2pRNAi_020,16,14,1,5,38.270,39.289,0.000,0.000,0.000,0.000,2044.843,0.000,1974.269
12_5_19_Miwo_X_yw_or_ref2pRNAi_females_DCP1555_25minHSd3.lif12_5_19_Miwo_X_yw_or_ref2pRNAi_females_DCP1555_25minHSd3.lif - ref2pRNAi_020,2,14,1,6,39.289,116.630,0.000,116.630,55.805,0.000,1974.269,0.000,7860.915
12_5_19_Miwo_X_yw_or_ref2pRNAi_females_DCP1555_25minHSd3.lif12_5_19_Miwo_X_yw_or_ref2pRNAi_females_DCP1555_25minHSd3.lif - ref2pRNAi_020,3,14,1,6,55.805,120.268,0.000,120.268,59.515,0.000,5050.956,0.000,7598.261
12_5_19_Miwo_X_yw_or_ref2pRNAi_females_DCP1555_25minHSd3.lif12_5_19_Miwo_X_yw_or_ref2pRNAi_females_DCP1555_25minHSd3.lif - ref2pRNAi_020,4,14,1,6,59.515,128.417,0.000,128.417,58.279,0.000,4862.515,0.000,6939.080
12_5_19_Miwo_X_yw_or_ref2pRNAi_females_DCP1555_25minHSd3.lif12_5_19_Miwo_X_yw_or_ref2pRNAi_females_DCP1555_25minHSd3.lif - ref2pRNAi_020,5,14,1,6,58.279,109.427,0.000,109.427,31.140,0.000,4011.109,0.000,5293.311
12_5_19_Miwo_X_yw_or_ref2pRNAi_females_DCP1555_25minHSd3.lif12_5_19_Miwo_X_yw_or_ref2pRNAi_females_DCP1555_25minHSd3.lif - ref2pRNAi_020,6,14,1,6,31.140,85.708,0.000,85.708,10.986,0.000,1879.757,0.000,3701.018
12_5_19_Miwo_X_yw_or_ref2pRNAi_females_DCP1555_25minHSd3.lif12_5_19_Miwo_X_yw_or_ref2pRNAi_females_DCP1555_25minHSd3.lif - ref2pRNAi_020,7,14,1,6,10.986,66.718,0.000,0.000,0.000,0.000,712.003,0.000,2809.086
12_5_19_Miwo_X_yw_or_ref2pRNAi_females_DCP1555_25minHSd3.lif12_5_19_Miwo_X_yw_or_ref2pRNAi_females_DCP1555_25minHSd3.lif - ref2pRNAi_020,8,14,1,6,66.718,62.499,0.000,62.499,5.093,0.000,2809.086,0.000,2933.646
12_5_19_Miwo_X_yw_or_ref2pRNAi_females_DCP1555_25minHSd3.lif12_5_19_Miwo_X_yw_or_ref2pRNAi_females_DCP1555_25minHSd3.lif - ref2pRNAi_020,9,14,1,6,5.093,57.478,0.000,57.478,0.946,0.000,442.001,0.000,2367.377
12_5_19_Miwo_X_yw_or_ref2pRNAi_females_DCP1555_25minHSd3.lif12_5_19_Miwo_X_yw_or_ref2pRNAi_females_DCP1555_25minHSd3.lif - ref2pRNAi_020,10,14,1,6,0.946,52.094,0.000,52.094,1.164,0.000,115.611,0.000,2008.028
12_5_19_Miwo_X_yw_or_ref2pRNAi_females_DCP1555_25minHSd3.lif12_5_19_Miwo_X_yw_or_ref2pRNAi_females_DCP1555_25minHSd3.lif - ref2pRNAi_020,11,14,1,6,1.164,43.582,0.000,43.582,0.800,0.000,110.591,0.000,1854.510
12_5_19_Miwo_X_yw_or_ref2pRNAi_females_DCP1555_25minHSd3.lif12_5_19_Miwo_X_yw_or_ref2pRNAi_females_DCP1555_25minHSd3.lif - ref2pRNAi_020,12,14,1,6,0.800,45.401,0.000,45.401,1.673,0.000,93.057,0.000,2110.107
12_5_19_Miwo_X_yw_or_ref2pRNAi_females_DCP1555_25minHSd3.lif12_5_19_Miwo_X_yw_or_ref2pRNAi_females_DCP1555_25minHSd3.lif - ref2pRNAi_020,13,14,1,6,1.673,61.262,0.000,61.262,1.455,0.000,132.418,0.000,2592.415
12_5_19_Miwo_X_yw_or_ref2pRNAi_females_DCP1555_25minHSd3.lif12_5_19_Miwo_X_yw_or_ref2pRNAi_females_DCP1555_25minHSd3.lif - ref2pRNAi_020,14,14,1,6,1.455,67.664,0.000,67.664,2.328,0.000,145.733,0.000,2947.616
12_5_19_Miwo_X_yw_or_ref2pRNAi_females_DCP1555_25minHSd3.lif12_5_19_Miwo_X_yw_or_ref2pRNAi_females_DCP1555_25minHSd3.lif - ref2pRNAi_020,15,14,1,6,2.328,67.664,0.000,67.664,1.382,0.000,174.981,0.000,3101.061
12_5_19_Miwo_X_yw_or_ref2pRNAi_females_DCP1555_25minHSd3.lif12_5_19_Miwo_X_yw_or_ref2pRNAi_females_DCP1555_25minHSd3.lif - ref2pRNAi_020,16,14,1,6,1.382,65.991,0.000,0.000,0.000,0.000,85.781,0.000,2989.597
12_5_19_Miwo_X_yw_or_ref2pRNAi_females_DCP1555_25minHSd3.lif12_5_19_Miwo_X_yw_or_ref2pRNAi_females_DCP1555_25minHSd3.lif - ref2pRNAi_020,2,14,1,7,65.991,242.573,0.000,242.573,10.259,0.000,2989.597,0.000,13452.604
12_5_19_Miwo_X_yw_or_ref2pRNAi_females_DCP1555_25minHSd3.lif12_5_19_Miwo_X_yw_or_ref2pRNAi_females_DCP1555_25minHSd3.lif - ref2pRNAi_020,3,14,1,7,10.259,226.348,0.000,226.348,14.988,0.000,617.346,0.000,12675.847
12_5_19_Miwo_X_yw_or_ref2pRNAi_females_DCP1555_25minHSd3.lif12_5_19_Miwo_X_yw_or_ref2pRNAi_females_DCP1555_25minHSd3.lif - ref2pRNAi_020,4,14,1,7,14.988,156.137,0.000,156.137,13.169,0.000,1413.820,0.000,9369.974
12_5_19_Miwo_X_yw_or_ref2pRNAi_females_DCP1555_25minHSd3.lif12_5_19_Miwo_X_yw_or_ref2pRNAi_females_DCP1555_25minHSd3.lif - ref2pRNAi_020,4,14,1,7,13.169,57.478,0.000,57.478,2.547,0.000,1136.542,0.000,2562.148
12_5_19_Miwo_X_yw_or_ref2pRNAi_females_DCP1555_25minHSd3.lif12_5_19_Miwo_X_yw_or_ref2pRNAi_females_DCP1555_25minHSd3.lif - ref2pRNAi_020,5,14,1,7,2.547,156.137,0.000,156.137,10.550,0.000,236.898,0.000,9274.298
12_5_19_Miwo_X_yw_or_ref2pRNAi_females_DCP1555_25minHSd3.lif12_5_19_Miwo_X_yw_or_ref2pRNAi_females_DCP1555_25minHSd3.lif - ref2pRNAi_020,5,14,1,7,10.550,48.020,0.000,48.020,4.656,0.000,1106.493,0.000,2306.260
12_5_19_Miwo_X_yw_or_ref2pRNAi_females_DCP1555_25minHSd3.lif12_5_19_Miwo_X_yw_or_ref2pRNAi_females_DCP1555_25minHSd3.lif - ref2pRNAi_020,6,14,1,7,4.656,158.320,0.000,158.320,2.765,0.000,373.536,0.000,8580.485
12_5_19_Miwo_X_yw_or_ref2pRNAi_females_DCP1555_25minHSd3.lif12_5_19_Miwo_X_yw_or_ref2pRNAi_females_DCP1555_25minHSd3.lif - ref2pRNAi_020,6,14,1,7,2.765,42.272,0.000,42.272,7.130,0.000,399.219,0.000,1974.269
12_5_19_Miwo_X_yw_or_ref2pRNAi_females_DCP1555_25minHSd3.lif12_5_19_Miwo_X_yw_or_ref2pRNAi_females_DCP1555_25minHSd3.lif - ref2pRNAi_020,7,14,1,7,7.130,157.738,0.000,0.000,0.000,0.000,572.454,0.000,8095.266
12_5_19_Miwo_X_yw_or_ref2pRNAi_females_DCP1555_25minHSd3.lif12_5_19_Miwo_X_yw_or_ref2pRNAi_females_DCP1555_25minHSd3.lif - ref2pRNAi_020,7,14,1,7,157.738,34.923,0.000,34.923,2.183,0.000,8095.266,0.000,1848.908
12_5_19_Miwo_X_yw_or_ref2pRNAi_females_DCP1555_25minHSd3.lif12_5_19_Miwo_X_yw_or_ref2pRNAi_females_DCP1555_25minHSd3.lif - ref2pRNAi_020,8,14,1,7,2.183,190.697,0.000,190.697,0.800,0.000,208.086,0.000,9715.498
12_5_19_Miwo_X_yw_or_ref2pRNAi_females_DCP1555_25minHSd3.lif12_5_19_Miwo_X_yw_or_ref2pRNAi_females_DCP1555_25minHSd3.lif - ref2pRNAi_020,9,14,1,7,0.800,154.100,0.000,0.000,0.000,0.000,75.304,0.000,7556.208
12_5_19_Miwo_X_yw_or_ref2pRNAi_females_DCP1555_25minHSd3.lif12_5_19_Miwo_X_yw_or_ref2pRNAi_females_DCP1555_25minHSd3.lif - ref2pRNAi_020,9,14,1,7,154.100,27.502,0.000,27.502,0.146,0.000,7556.208,0.000,1405.671
12_5_19_Miwo_X_yw_or_ref2pRNAi_females_DCP1555_25minHSd3.lif12_5_19_Miwo_X_yw_or_ref2pRNAi_females_DCP1555_25minHSd3.lif - ref2pRNAi_020,10,14,1,7,0.146,48.456,0.000,0.000,0.000,0.000,28.957,0.000,2244.635
12_5_19_Miwo_X_yw_or_ref2pRNAi_females_DCP1555_25minHSd3.lif12_5_19_Miwo_X_yw_or_ref2pRNAi_females_DCP1555_25minHSd3.lif - ref2pRNAi_020,10,14,1,7,48.456,103.752,0.000,0.000,0.000,0.000,2244.635,0.000,5365.995
12_5_19_Miwo_X_yw_or_ref2pRNAi_females_DCP1555_25minHSd3.lif12_5_19_Miwo_X_yw_or_ref2pRNAi_females_DCP1555_25minHSd3.lif - ref2pRNAi_020,10,14,1,7,103.752,17.389,0.000,0.000,0.000,0.000,5365.995,0.000,806.442
12_5_19_Miwo_X_yw_or_ref2pRNAi_females_DCP1555_25minHSd3.lif12_5_19_Miwo_X_yw_or_ref2pRNAi_females_DCP1555_25minHSd3.lif - ref2pRNAi_020,11,14,1,7,17.389,42.709,0.000,0.000,0.000,0.000,806.442,0.000,1932.215
12_5_19_Miwo_X_yw_or_ref2pRNAi_females_DCP1555_25minHSd3.lif12_5_19_Miwo_X_yw_or_ref2pRNAi_females_DCP1555_25minHSd3.lif - ref2pRNAi_020,11,14,1,7,42.709,107.608,0.000,0.000,0.000,0.000,1932.215,0.000,5780.493
12_5_19_Miwo_X_yw_or_ref2pRNAi_females_DCP1555_25minHSd3.lif12_5_19_Miwo_X_yw_or_ref2pRNAi_females_DCP1555_25minHSd3.lif - ref2pRNAi_020,11,14,1,7,107.608,8.222,0.000,0.000,0.000,0.000,5780.493,0.000,237.480
12_5_19_Miwo_X_yw_or_ref2pRNAi_females_DCP1555_25minHSd3.lif12_5_19_Miwo_X_yw_or_ref2pRNAi_females_DCP1555_25minHSd3.lif - ref2pRNAi_020,12,14,1,7,8.222,39.507,0.000,0.000,0.000,0.000,237.480,0.000,1664.468
12_5_19_Miwo_X_yw_or_ref2pRNAi_females_DCP1555_25minHSd3.lif12_5_19_Miwo_X_yw_or_ref2pRNAi_females_DCP1555_25minHSd3.lif - ref2pRNAi_020,12,14,1,7,39.507,115.684,0.000,0.000,0.000,0.000,1664.468,0.000,5852.450
12_5_19_Miwo_X_yw_or_ref2pRNAi_females_DCP1555_25minHSd3.lif12_5_19_Miwo_X_yw_or_ref2pRNAi_females_DCP1555_25minHSd3.lif - ref2pRNAi_020,12,14,1,7,115.684,0.800,0.000,0.000,0.000,0.000,5852.450,0.000,16.443
12_5_19_Miwo_X_yw_or_ref2pRNAi_females_DCP1555_25minHSd3.lif12_5_19_Miwo_X_yw_or_ref2pRNAi_females_DCP1555_25minHSd3.lif - ref2pRNAi_020,13,14,1,7,0.800,37.252,0.000,0.000,0.000,0.000,16.443,0.000,1503.238
12_5_19_Miwo_X_yw_or_ref2pRNAi_females_DCP1555_25minHSd3.lif12_5_19_Miwo_X_yw_or_ref2pRNAi_females_DCP1555_25minHSd3.lif - ref2pRNAi_020,13,14,1,7,37.252,112.847,0.000,0.000,0.000,0.000,1503.238,0.000,5482.771
12_5_19_Miwo_X_yw_or_ref2pRNAi_females_DCP1555_25minHSd3.lif12_5_19_Miwo_X_yw_or_ref2pRNAi_females_DCP1555_25minHSd3.lif - ref2pRNAi_020,14,14,1,7,112.847,30.413,0.000,0.000,0.000,0.000,5482.771,0.000,1286.131
12_5_19_Miwo_X_yw_or_ref2pRNAi_females_DCP1555_25minHSd3.lif12_5_19_Miwo_X_yw_or_ref2pRNAi_females_DCP1555_25minHSd3.lif - ref2pRNAi_020,14,14,1,7,30.413,104.625,0.000,0.000,0.000,0.000,1286.131,0.000,5348.315
12_5_19_Miwo_X_yw_or_ref2pRNAi_females_DCP1555_25minHSd3.lif12_5_19_Miwo_X_yw_or_ref2pRNAi_females_DCP1555_25minHSd3.lif - ref2pRNAi_020,15,14,1,7,104.625,28.084,0.000,0.000,0.000,0.000,5348.315,0.000,1263.867
12_5_19_Miwo_X_yw_or_ref2pRNAi_females_DCP1555_25minHSd3.lif12_5_19_Miwo_X_yw_or_ref2pRNAi_females_DCP1555_25minHSd3.lif - ref2pRNAi_020,15,14,1,7,28.084,99.969,0.000,0.000,0.000,0.000,1263.867,0.000,4920.939
12_5_19_Miwo_X_yw_or_ref2pRNAi_females_DCP1555_25minHSd3.lif12_5_19_Miwo_X_yw_or_ref2pRNAi_females_DCP1555_25minHSd3.lif - ref2pRNAi_020,16,14,1,7,99.969,29.612,0.000,0.000,0.000,0.000,4920.939,0.000,1365.872
12_5_19_Miwo_X_yw_or_ref2pRNAi_females_DCP1555_25minHSd3.lif12_5_19_Miwo_X_yw_or_ref2pRNAi_females_DCP1555_25minHSd3.lif - ref2pRNAi_020,16,14,1,7,29.612,90.074,0.000,0.000,0.000,0.000,1365.872,0.000,4179.324
12_5_19_Miwo_X_yw_or_ref2pRNAi_females_DCP1555_25minHSd3.lif12_5_19_Miwo_X_yw_or_ref2pRNAi_females_DCP1555_25minHSd3.lif - ref2pRNAi_020,2,14,1,8,90.074,996.047,982.369,13.678,60.752,0.000,4179.324,78400.339,79805.355
12_5_19_Miwo_X_yw_or_ref2pRNAi_females_DCP1555_25minHSd3.lif12_5_19_Miwo_X_yw_or_ref2pRNAi_females_DCP1555_25minHSd3.lif - ref2pRNAi_020,3,14,1,8,60.752,990.518,983.970,6.548,59.734,0.000,6430.871,79963.675,80638.935
12_5_19_Miwo_X_yw_or_ref2pRNAi_females_DCP1555_25minHSd3.lif12_5_19_Miwo_X_yw_or_ref2pRNAi_females_DCP1555_25minHSd3.lif - ref2pRNAi_020,4,14,1,8,59.734,838.528,830.015,8.513,55.659,0.000,6090.949,67910.412,68743.265
12_5_19_Miwo_X_yw_or_ref2pRNAi_females_DCP1555_25minHSd3.lif12_5_19_Miwo_X_yw_or_ref2pRNAi_females_DCP1555_25minHSd3.lif - ref2pRNAi_020,4,14,1,8,55.659,156.646,0.000,0.000,0.000,0.000,5259.988,0.000,10314.218
12_5_19_Miwo_X_yw_or_ref2pRNAi_females_DCP1555_25minHSd3.lif12_5_19_Miwo_X_yw_or_ref2pRNAi_females_DCP1555_25minHSd3.lif - ref2pRNAi_020,5,14,1,8,156.646,814.154,802.004,12.150,48.020,0.000,10314.218,62063.928,63715.009
12_5_19_Miwo_X_yw_or_ref2pRNAi_females_DCP1555_25minHSd3.lif12_5_19_Miwo_X_yw_or_ref2pRNAi_females_DCP1555_25minHSd3.lif - ref2pRNAi_020,5,14,1,8,48.020,157.811,0.000,0.000,0.000,0.000,4254.264,0.000,10134.435
12_5_19_Miwo_X_yw_or_ref2pRNAi_females_DCP1555_25minHSd3.lif12_5_19_Miwo_X_yw_or_ref2pRNAi_females_DCP1555_25minHSd3.lif - ref2pRNAi_020,6,14,1,8,157.811,772.319,762.569,9.749,20.227,0.000,10134.435,56896.196,58081.849
12_5_19_Miwo_X_yw_or_ref2pRNAi_females_DCP1555_25minHSd3.lif12_5_19_Miwo_X_yw_or_ref2pRNAi_females_DCP1555_25minHSd3.lif - ref2pRNAi_020,6,14,1,8,20.227,152.790,0.000,0.000,0.000,0.000,1856.329,0.000,9342.181
12_5_19_Miwo_X_yw_or_ref2pRNAi_females_DCP1555_25minHSd3.lif12_5_19_Miwo_X_yw_or_ref2pRNAi_females_DCP1555_25minHSd3.lif - ref2pRNAi_020,7,14,1,8,152.790,584.241,580.603,0.000,0.000,0.000,9342.181,44320.172,44727.468
12_5_19_Miwo_X_yw_or_ref2pRNAi_females_DCP1555_25minHSd3.lif12_5_19_Miwo_X_yw_or_ref2pRNAi_females_DCP1555_25minHSd3.lif - ref2pRNAi_020,7,14,1,8,3.638,130.672,0.000,130.672,13.242,0.000,407.295,0.000,8583.759
12_5_19_Miwo_X_yw_or_ref2pRNAi_females_DCP1555_25minHSd3.lif12_5_19_Miwo_X_yw_or_ref2pRNAi_females_DCP1555_25minHSd3.lif - ref2pRNAi_020,7,14,1,8,13.242,141.222,0.000,0.000,0.000,0.000,1011.035,0.000,8352.027
12_5_19_Miwo_X_yw_or_ref2pRNAi_females_DCP1555_25minHSd3.lif12_5_19_Miwo_X_yw_or_ref2pRNAi_females_DCP1555_25minHSd3.lif - ref2pRNAi_020,8,14,1,8,141.222,539.714,538.477,0.000,0.000,0.000,8352.027,42531.580,42660.506
12_5_19_Miwo_X_yw_or_ref2pRNAi_females_DCP1555_25minHSd3.lif12_5_19_Miwo_X_yw_or_ref2pRNAi_females_DCP1555_25minHSd3.lif - ref2pRNAi_020,8,14,1,8,1.237,118.376,0.000,118.376,3.638,0.000,128.926,0.000,7465.843
12_5_19_Miwo_X_yw_or_ref2pRNAi_females_DCP1555_25minHSd3.lif12_5_19_Miwo_X_yw_or_ref2pRNAi_females_DCP1555_25minHSd3.lif - ref2pRNAi_020,8,14,1,8,3.638,132.637,0.000,0.000,0.000,0.000,271.385,0.000,8009.267
12_5_19_Miwo_X_yw_or_ref2pRNAi_females_DCP1555_25minHSd3.lif12_5_19_Miwo_X_yw_or_ref2pRNAi_females_DCP1555_25minHSd3.lif - ref2pRNAi_020,9,14,1,8,132.637,490.893,490.457,0.000,0.000,0.000,8009.267,40076.676,40128.480
12_5_19_Miwo_X_yw_or_ref2pRNAi_females_DCP1555_25minHSd3.lif12_5_19_Miwo_X_yw_or_ref2pRNAi_females_DCP1555_25minHSd3.lif - ref2pRNAi_020,9,14,1,8,0.437,105.207,0.000,0.000,0.000,0.000,51.803,0.000,6420.539
12_5_19_Miwo_X_yw_or_ref2pRNAi_females_DCP1555_25minHSd3.lif12_5_19_Miwo_X_yw_or_ref2pRNAi_females_DCP1555_25minHSd3.lif - ref2pRNAi_020,9,14,1,8,105.207,144.933,0.000,0.000,0.000,0.000,6420.539,0.000,7746.759
12_5_19_Miwo_X_yw_or_ref2pRNAi_females_DCP1555_25minHSd3.lif12_5_19_Miwo_X_yw_or_ref2pRNAi_females_DCP1555_25minHSd3.lif - ref2pRNAi_020,10,14,1,8,144.933,449.931,449.495,0.000,0.000,0.000,7746.759,38371.246,38444.294
12_5_19_Miwo_X_yw_or_ref2pRNAi_females_DCP1555_25minHSd3.lif12_5_19_Miwo_X_yw_or_ref2pRNAi_females_DCP1555_25minHSd3.lif - ref2pRNAi_020,10,14,1,8,0.437,99.677,0.000,99.677,2.910,0.000,73.048,0.000,5926.372
12_5_19_Miwo_X_yw_or_ref2pRNAi_females_DCP1555_25minHSd3.lif12_5_19_Miwo_X_yw_or_ref2pRNAi_females_DCP1555_25minHSd3.lif - ref2pRNAi_020,10,14,1,8,2.910,147.770,0.000,0.000,0.000,0.000,208.086,0.000,7773.898
12_5_19_Miwo_X_yw_or_ref2pRNAi_females_DCP1555_25minHSd3.lif12_5_19_Miwo_X_yw_or_ref2pRNAi_females_DCP1555_25minHSd3.lif - ref2pRNAi_020,11,14,1,8,147.770,237.262,237.116,0.000,0.000,0.000,7773.898,25054.116,25083.365
12_5_19_Miwo_X_yw_or_ref2pRNAi_females_DCP1555_25minHSd3.lif12_5_19_Miwo_X_yw_or_ref2pRNAi_females_DCP1555_25minHSd3.lif - ref2pRNAi_020,11,14,1,8,0.146,95.312,0.000,95.312,8.804,0.000,29.248,0.000,5906.800
12_5_19_Miwo_X_yw_or_ref2pRNAi_females_DCP1555_25minHSd3.lif12_5_19_Miwo_X_yw_or_ref2pRNAi_females_DCP1555_25minHSd3.lif - ref2pRNAi_020,11,14,1,8,8.804,178.619,0.000,0.000,0.000,0.000,643.465,0.000,11371.309
12_5_19_Miwo_X_yw_or_ref2pRNAi_females_DCP1555_25minHSd3.lif12_5_19_Miwo_X_yw_or_ref2pRNAi_females_DCP1555_25minHSd3.lif - ref2pRNAi_020,11,14,1,8,178.619,148.934,0.000,0.000,0.000,0.000,11371.309,0.000,7763.129
12_5_19_Miwo_X_yw_or_ref2pRNAi_females_DCP1555_25minHSd3.lif12_5_19_Miwo_X_yw_or_ref2pRNAi_females_DCP1555_25minHSd3.lif - ref2pRNAi_020,12,14,1,8,148.934,225.257,225.111,0.000,0.000,0.000,7763.129,23793.742,23826.264
12_5_19_Miwo_X_yw_or_ref2pRNAi_females_DCP1555_25minHSd3.lif12_5_19_Miwo_X_yw_or_ref2pRNAi_females_DCP1555_25minHSd3.lif - ref2pRNAi_020,12,14,1,8,0.146,97.349,0.000,97.349,17.171,0.000,32.523,0.000,6034.926
12_5_19_Miwo_X_yw_or_ref2pRNAi_females_DCP1555_25minHSd3.lif12_5_19_Miwo_X_yw_or_ref2pRNAi_females_DCP1555_25minHSd3.lif - ref2pRNAi_020,12,14,1,8,17.171,173.381,0.000,0.000,0.000,0.000,1425.679,0.000,11247.621
12_5_19_Miwo_X_yw_or_ref2pRNAi_females_DCP1555_25minHSd3.lif12_5_19_Miwo_X_yw_or_ref2pRNAi_females_DCP1555_25minHSd3.lif - ref2pRNAi_020,12,14,1,8,173.381,151.481,0.000,0.000,0.000,0.000,11247.621,0.000,8035.023
12_5_19_Miwo_X_yw_or_ref2pRNAi_females_DCP1555_25minHSd3.lif12_5_19_Miwo_X_yw_or_ref2pRNAi_females_DCP1555_25minHSd3.lif - ref2pRNAi_020,13,14,1,8,151.481,213.615,0.000,0.000,0.000,0.000,8035.023,0.000,23285.023
12_5_19_Miwo_X_yw_or_ref2pRNAi_females_DCP1555_25minHSd3.lif12_5_19_Miwo_X_yw_or_ref2pRNAi_females_DCP1555_25minHSd3.lif - ref2pRNAi_020,13,14,1,8,213.615,97.495,0.000,97.495,20.518,0.000,23285.023,0.000,6163.561
12_5_19_Miwo_X_yw_or_ref2pRNAi_females_DCP1555_25minHSd3.lif12_5_19_Miwo_X_yw_or_ref2pRNAi_females_DCP1555_25minHSd3.lif - ref2pRNAi_020,13,14,1,8,20.518,167.342,0.000,0.000,0.000,0.000,1836.685,0.000,11362.505
12_5_19_Miwo_X_yw_or_ref2pRNAi_females_DCP1555_25minHSd3.lif12_5_19_Miwo_X_yw_or_ref2pRNAi_females_DCP1555_25minHSd3.lif - ref2pRNAi_020,13,14,1,8,167.342,158.174,0.000,0.000,0.000,0.000,11362.505,0.000,9050.788
12_5_19_Miwo_X_yw_or_ref2pRNAi_females_DCP1555_25minHSd3.lif12_5_19_Miwo_X_yw_or_ref2pRNAi_females_DCP1555_25minHSd3.lif - ref2pRNAi_020,14,14,1,8,158.174,197.754,0.000,0.000,0.000,0.000,9050.788,0.000,23769.004
12_5_19_Miwo_X_yw_or_ref2pRNAi_females_DCP1555_25minHSd3.lif12_5_19_Miwo_X_yw_or_ref2pRNAi_females_DCP1555_25minHSd3.lif - ref2pRNAi_020,14,14,1,8,197.754,91.601,0.000,91.601,20.518,0.000,23769.004,0.000,5765.942
12_5_19_Miwo_X_yw_or_ref2pRNAi_females_DCP1555_25minHSd3.lif12_5_19_Miwo_X_yw_or_ref2pRNAi_females_DCP1555_25minHSd3.lif - ref2pRNAi_020,14,14,1,8,20.518,155.555,0.000,0.000,0.000,0.000,1545.219,0.000,10063.278
12_5_19_Miwo_X_yw_or_ref2pRNAi_females_DCP1555_25minHSd3.lif12_5_19_Miwo_X_yw_or_ref2pRNAi_females_DCP1555_25minHSd3.lif - ref2pRNAi_020,14,14,1,8,155.555,170.907,0.000,0.000,0.000,0.000,10063.278,0.000,9843.915
12_5_19_Miwo_X_yw_or_ref2pRNAi_females_DCP1555_25minHSd3.lif12_5_19_Miwo_X_yw_or_ref2pRNAi_females_DCP1555_25minHSd3.lif - ref2pRNAi_020,15,14,1,8,170.907,181.966,0.000,0.000,0.000,0.000,9843.915,0.000,21354.481
12_5_19_Miwo_X_yw_or_ref2pRNAi_females_DCP1555_25minHSd3.lif12_5_19_Miwo_X_yw_or_ref2pRNAi_females_DCP1555_25minHSd3.lif - ref2pRNAi_020,15,14,1,8,181.966,104.625,0.000,104.625,14.988,0.000,21354.481,0.000,6021.029
12_5_19_Miwo_X_yw_or_ref2pRNAi_females_DCP1555_25minHSd3.lif12_5_19_Miwo_X_yw_or_ref2pRNAi_females_DCP1555_25minHSd3.lif - ref2pRNAi_020,15,14,1,8,14.988,184.003,0.000,0.000,0.000,0.000,893.459,0.000,10684.989
12_5_19_Miwo_X_yw_or_ref2pRNAi_females_DCP1555_25minHSd3.lif12_5_19_Miwo_X_yw_or_ref2pRNAi_females_DCP1555_25minHSd3.lif - ref2pRNAi_020,15,14,1,8,184.003,131.618,0.000,0.000,0.000,0.000,10684.989,0.000,8239.035
12_5_19_Miwo_X_yw_or_ref2pRNAi_females_DCP1555_25minHSd3.lif12_5_19_Miwo_X_yw_or_ref2pRNAi_females_DCP1555_25minHSd3.lif - ref2pRNAi_020,16,14,1,8,131.618,165.232,0.000,0.000,0.000,0.000,8239.035,0.000,16279.588
12_5_19_Miwo_X_yw_or_ref2pRNAi_females_DCP1555_25minHSd3.lif12_5_19_Miwo_X_yw_or_ref2pRNAi_females_DCP1555_25minHSd3.lif - ref2pRNAi_020,16,14,1,8,165.232,99.023,0.000,99.023,11.205,0.000,16279.588,0.000,5751.318
12_5_19_Miwo_X_yw_or_ref2pRNAi_females_DCP1555_25minHSd3.lif12_5_19_Miwo_X_yw_or_ref2pRNAi_females_DCP1555_25minHSd3.lif - ref2pRNAi_020,16,14,1,8,11.205,188.660,0.000,0.000,0.000,0.000,689.157,0.000,11306.045
12_5_19_Miwo_X_yw_or_ref2pRNAi_females_DCP1555_25minHSd3.lif12_5_19_Miwo_X_yw_or_ref2pRNAi_females_DCP1555_25minHSd3.lif - ref2pRNAi_020,16,14,1,8,188.660,108.990,0.000,0.000,0.000,0.000,11306.045,0.000,6106.810
12_5_19_Miwo_X_yw_or_ref2pRNAi_females_DCP1555_25minHSd3.lif12_5_19_Miwo_X_yw_or_ref2pRNAi_females_DCP1555_25minHSd3.lif - ref2pRNAi_020,2,14,1,9,108.990,78.578,0.000,78.578,54.422,0.000,6106.810,0.000,4649.481
12_5_19_Miwo_X_yw_or_ref2pRNAi_females_DCP1555_25minHSd3.lif12_5_19_Miwo_X_yw_or_ref2pRNAi_females_DCP1555_25minHSd3.lif - ref2pRNAi_020,3,14,1,9,54.422,76.977,0.000,76.977,53.477,0.000,3865.158,0.000,4919.557
12_5_19_Miwo_X_yw_or_ref2pRNAi_females_DCP1555_25minHSd3.lif12_5_19_Miwo_X_yw_or_ref2pRNAi_females_DCP1555_25minHSd3.lif - ref2pRNAi_020,4,14,1,9,53.477,51.949,0.000,51.949,26.047,0.000,4171.830,0.000,3449.423
12_5_19_Miwo_X_yw_or_ref2pRNAi_females_DCP1555_25minHSd3.lif12_5_19_Miwo_X_yw_or_ref2pRNAi_females_DCP1555_25minHSd3.lif - ref2pRNAi_020,5,14,1,9,26.047,48.093,0.000,48.093,20.372,0.000,2438.897,0.000,3043.510
12_5_19_Miwo_X_yw_or_ref2pRNAi_females_DCP1555_25minHSd3.lif12_5_19_Miwo_X_yw_or_ref2pRNAi_females_DCP1555_25minHSd3.lif - ref2pRNAi_020,6,14,1,9,20.372,44.455,0.000,44.455,9.095,0.000,1710.669,0.000,2643.054
12_5_19_Miwo_X_yw_or_ref2pRNAi_females_DCP1555_25minHSd3.lif12_5_19_Miwo_X_yw_or_ref2pRNAi_females_DCP1555_25minHSd3.lif - ref2pRNAi_020,7,14,1,9,9.095,45.764,0.000,45.764,4.293,0.000,880.145,0.000,2596.489
12_5_19_Miwo_X_yw_or_ref2pRNAi_females_DCP1555_25minHSd3.lif12_5_19_Miwo_X_yw_or_ref2pRNAi_females_DCP1555_25minHSd3.lif - ref2pRNAi_020,8,14,1,9,4.293,46.419,0.000,46.419,0.873,0.000,436.762,0.000,2488.590
12_5_19_Miwo_X_yw_or_ref2pRNAi_females_DCP1555_25minHSd3.lif12_5_19_Miwo_X_yw_or_ref2pRNAi_females_DCP1555_25minHSd3.lif - ref2pRNAi_020,9,14,1,9,0.873,46.274,0.000,0.000,0.000,0.000,96.622,0.000,2444.426
12_5_19_Miwo_X_yw_or_ref2pRNAi_females_DCP1555_25minHSd3.lif12_5_19_Miwo_X_yw_or_ref2pRNAi_females_DCP1555_25minHSd3.lif - ref2pRNAi_020,10,14,1,9,46.274,46.710,0.000,46.710,1.528,0.000,2444.426,0.000,2765.286
12_5_19_Miwo_X_yw_or_ref2pRNAi_females_DCP1555_25minHSd3.lif12_5_19_Miwo_X_yw_or_ref2pRNAi_females_DCP1555_25minHSd3.lif - ref2pRNAi_020,11,14,1,9,1.528,47.511,0.000,47.511,1.673,0.000,173.526,0.000,2888.537
12_5_19_Miwo_X_yw_or_ref2pRNAi_females_DCP1555_25minHSd3.lif12_5_19_Miwo_X_yw_or_ref2pRNAi_females_DCP1555_25minHSd3.lif - ref2pRNAi_020,12,14,1,9,1.673,53.549,0.000,53.549,6.475,0.000,223.365,0.000,3092.985
12_5_19_Miwo_X_yw_or_ref2pRNAi_females_DCP1555_25minHSd3.lif12_5_19_Miwo_X_yw_or_ref2pRNAi_females_DCP1555_25minHSd3.lif - ref2pRNAi_020,13,14,1,9,6.475,51.949,0.000,51.949,9.095,0.000,699.852,0.000,3114.012
12_5_19_Miwo_X_yw_or_ref2pRNAi_females_DCP1555_25minHSd3.lif12_5_19_Miwo_X_yw_or_ref2pRNAi_females_DCP1555_25minHSd3.lif - ref2pRNAi_020,14,14,1,9,9.095,42.345,0.000,42.345,10.695,0.000,1138.943,0.000,2754.227
12_5_19_Miwo_X_yw_or_ref2pRNAi_females_DCP1555_25minHSd3.lif12_5_19_Miwo_X_yw_or_ref2pRNAi_females_DCP1555_25minHSd3.lif - ref2pRNAi_020,15,14,1,9,10.695,39.289,0.000,39.289,10.550,0.000,1140.252,0.000,2267.699
12_5_19_Miwo_X_yw_or_ref2pRNAi_females_DCP1555_25minHSd3.lif12_5_19_Miwo_X_yw_or_ref2pRNAi_females_DCP1555_25minHSd3.lif - ref2pRNAi_020,16,14,1,9,10.550,47.656,0.000,47.656,14.915,0.000,816.191,0.000,2468.655
12_5_19_Miwo_X_yw_or_ref2pRNAi_females_DCP1555_25minHSd3.lif12_5_19_Miwo_X_yw_or_ref2pRNAi_females_DCP1555_25minHSd3.lif - ref2pRNAi_020,2,14,1,10,14.915,68.392,0.000,68.392,29.976,0.000,962.943,0.000,4713.435
12_5_19_Miwo_X_yw_or_ref2pRNAi_females_DCP1555_25minHSd3.lif12_5_19_Miwo_X_yw_or_ref2pRNAi_females_DCP1555_25minHSd3.lif - ref2pRNAi_020,3,14,1,10,29.976,68.756,0.000,68.756,27.502,0.000,2937.357,0.000,3959.306
12_5_19_Miwo_X_yw_or_ref2pRNAi_females_DCP1555_25minHSd3.lif12_5_19_Miwo_X_yw_or_ref2pRNAi_females_DCP1555_25minHSd3.lif - ref2pRNAi_020,4,14,1,10,27.502,66.573,0.000,66.573,21.900,0.000,2347.950,0.000,3344.289
12_5_19_Miwo_X_yw_or_ref2pRNAi_females_DCP1555_25minHSd3.lif12_5_19_Miwo_X_yw_or_ref2pRNAi_females_DCP1555_25minHSd3.lif - ref2pRNAi_020,5,14,1,10,21.900,59.952,0.000,59.952,1.746,0.000,1608.227,0.000,2793.298
12_5_19_Miwo_X_yw_or_ref2pRNAi_females_DCP1555_25minHSd3.lif12_5_19_Miwo_X_yw_or_ref2pRNAi_females_DCP1555_25minHSd3.lif - ref2pRNAi_020,6,14,1,10,1.746,59.515,0.000,0.000,0.000,0.000,94.002,0.000,2505.470
12_5_19_Miwo_X_yw_or_ref2pRNAi_females_DCP1555_25minHSd3.lif12_5_19_Miwo_X_yw_or_ref2pRNAi_females_DCP1555_25minHSd3.lif - ref2pRNAi_020,7,14,1,10,59.515,44.891,0.000,0.000,0.000,0.000,2505.470,0.000,1926.322
12_5_19_Miwo_X_yw_or_ref2pRNAi_females_DCP1555_25minHSd3.lif12_5_19_Miwo_X_yw_or_ref2pRNAi_females_DCP1555_25minHSd3.lif - ref2pRNAi_020,8,14,1,10,44.891,25.756,0.000,0.000,0.000,0.000,1926.322,0.000,1132.176
12_5_19_Miwo_X_yw_or_ref2pRNAi_females_DCP1555_25minHSd3.lif12_5_19_Miwo_X_yw_or_ref2pRNAi_females_DCP1555_25minHSd3.lif - ref2pRNAi_020,9,14,1,10,25.756,25.247,0.000,0.000,0.000,0.000,1132.176,0.000,1118.279
12_5_19_Miwo_X_yw_or_ref2pRNAi_females_DCP1555_25minHSd3.lif12_5_19_Miwo_X_yw_or_ref2pRNAi_females_DCP1555_25minHSd3.lif - ref2pRNAi_020,10,14,1,10,25.247,38.125,0.000,38.125,7.276,0.000,1118.279,0.000,1565.737
12_5_19_Miwo_X_yw_or_ref2pRNAi_females_DCP1555_25minHSd3.lif12_5_19_Miwo_X_yw_or_ref2pRNAi_females_DCP1555_25minHSd3.lif - ref2pRNAi_020,11,14,1,10,7.276,22.700,0.000,22.700,9.313,0.000,449.131,0.000,852.061
12_5_19_Miwo_X_yw_or_ref2pRNAi_females_DCP1555_25minHSd3.lif12_5_19_Miwo_X_yw_or_ref2pRNAi_females_DCP1555_25minHSd3.lif - ref2pRNAi_020,12,14,1,10,9.313,20.299,0.000,20.299,9.167,0.000,324.716,0.000,708.365
12_5_19_Miwo_X_yw_or_ref2pRNAi_females_DCP1555_25minHSd3.lif12_5_19_Miwo_X_yw_or_ref2pRNAi_females_DCP1555_25minHSd3.lif - ref2pRNAi_020,13,14,1,10,9.167,21.900,0.000,21.900,13.606,0.000,395.363,0.000,1111.440
12_5_19_Miwo_X_yw_or_ref2pRNAi_females_DCP1555_25minHSd3.lif12_5_19_Miwo_X_yw_or_ref2pRNAi_females_DCP1555_25minHSd3.lif - ref2pRNAi_020,14,14,1,10,13.606,22.991,0.000,22.991,15.497,0.000,889.240,0.000,1465.041
12_5_19_Miwo_X_yw_or_ref2pRNAi_females_DCP1555_25minHSd3.lif12_5_19_Miwo_X_yw_or_ref2pRNAi_females_DCP1555_25minHSd3.lif - ref2pRNAi_020,15,14,1,10,15.497,19.790,0.000,19.790,15.279,0.000,1300.100,0.000,1392.720
12_5_19_Miwo_X_yw_or_ref2pRNAi_females_DCP1555_25minHSd3.lif12_5_19_Miwo_X_yw_or_ref2pRNAi_females_DCP1555_25minHSd3.lif - ref2pRNAi_020,16,14,1,10,15.279,16.880,0.000,16.880,11.568,0.000,1316.761,0.000,967.454
12_5_19_Miwo_X_yw_or_ref2pRNAi_females_DCP1555_25minHSd3.lif12_5_19_Miwo_X_yw_or_ref2pRNAi_females_DCP1555_25minHSd3.lif - ref2pRNAi_020,2,14,1,11,11.568,98.659,0.000,0.000,0.000,0.000,871.705,0.000,6103.245
12_5_19_Miwo_X_yw_or_ref2pRNAi_females_DCP1555_25minHSd3.lif12_5_19_Miwo_X_yw_or_ref2pRNAi_females_DCP1555_25minHSd3.lif - ref2pRNAi_020,3,14,1,11,98.659,100.769,0.000,0.000,0.000,0.000,6103.245,0.000,6289.140
12_5_19_Miwo_X_yw_or_ref2pRNAi_females_DCP1555_25minHSd3.lif12_5_19_Miwo_X_yw_or_ref2pRNAi_females_DCP1555_25minHSd3.lif - ref2pRNAi_020,4,14,1,11,100.769,104.043,0.000,0.000,0.000,0.000,6289.140,0.000,6113.722
12_5_19_Miwo_X_yw_or_ref2pRNAi_females_DCP1555_25minHSd3.lif12_5_19_Miwo_X_yw_or_ref2pRNAi_females_DCP1555_25minHSd3.lif - ref2pRNAi_020,5,14,1,11,104.043,113.501,0.000,0.000,0.000,0.000,6113.722,0.000,6577.186
12_5_19_Miwo_X_yw_or_ref2pRNAi_females_DCP1555_25minHSd3.lif12_5_19_Miwo_X_yw_or_ref2pRNAi_females_DCP1555_25minHSd3.lif - ref2pRNAi_020,6,14,1,11,113.501,109.281,0.000,0.000,0.000,0.000,6577.186,0.000,5996.728
12_5_19_Miwo_X_yw_or_ref2pRNAi_females_DCP1555_25minHSd3.lif12_5_19_Miwo_X_yw_or_ref2pRNAi_females_DCP1555_25minHSd3.lif - ref2pRNAi_020,7,14,1,11,109.281,109.936,0.000,0.000,0.000,0.000,5996.728,0.000,5450.394
12_5_19_Miwo_X_yw_or_ref2pRNAi_females_DCP1555_25minHSd3.lif12_5_19_Miwo_X_yw_or_ref2pRNAi_females_DCP1555_25minHSd3.lif - ref2pRNAi_020,8,14,1,11,109.936,108.117,0.000,0.000,0.000,0.000,5450.394,0.000,5670.630
12_5_19_Miwo_X_yw_or_ref2pRNAi_females_DCP1555_25minHSd3.lif12_5_19_Miwo_X_yw_or_ref2pRNAi_females_DCP1555_25minHSd3.lif - ref2pRNAi_020,9,14,1,11,108.117,103.752,0.000,0.000,0.000,0.000,5670.630,0.000,5583.903
12_5_19_Miwo_X_yw_or_ref2pRNAi_females_DCP1555_25minHSd3.lif12_5_19_Miwo_X_yw_or_ref2pRNAi_females_DCP1555_25minHSd3.lif - ref2pRNAi_020,10,14,1,11,103.752,92.693,0.000,0.000,0.000,0.000,5583.903,0.000,4848.764
12_5_19_Miwo_X_yw_or_ref2pRNAi_females_DCP1555_25minHSd3.lif12_5_19_Miwo_X_yw_or_ref2pRNAi_females_DCP1555_25minHSd3.lif - ref2pRNAi_020,11,14,1,11,92.693,78.578,0.000,0.000,0.000,0.000,4848.764,0.000,4404.508
12_5_19_Miwo_X_yw_or_ref2pRNAi_females_DCP1555_25minHSd3.lif12_5_19_Miwo_X_yw_or_ref2pRNAi_females_DCP1555_25minHSd3.lif - ref2pRNAi_020,12,14,1,11,78.578,71.666,0.000,0.000,0.000,0.000,4404.508,0.000,4277.837
12_5_19_Miwo_X_yw_or_ref2pRNAi_females_DCP1555_25minHSd3.lif12_5_19_Miwo_X_yw_or_ref2pRNAi_females_DCP1555_25minHSd3.lif - ref2pRNAi_020,13,14,1,11,71.666,67.228,0.000,0.000,0.000,0.000,4277.837,0.000,3646.741
12_5_19_Miwo_X_yw_or_ref2pRNAi_females_DCP1555_25minHSd3.lif12_5_19_Miwo_X_yw_or_ref2pRNAi_females_DCP1555_25minHSd3.lif - ref2pRNAi_020,14,14,1,11,67.228,56.969,0.000,0.000,0.000,0.000,3646.741,0.000,3057.261
12_5_19_Miwo_X_yw_or_ref2pRNAi_females_DCP1555_25minHSd3.lif12_5_19_Miwo_X_yw_or_ref2pRNAi_females_DCP1555_25minHSd3.lif - ref2pRNAi_020,15,14,1,11,56.969,46.346,0.000,0.000,0.000,0.000,3057.261,0.000,2615.479
12_5_19_Miwo_X_yw_or_ref2pRNAi_females_DCP1555_25minHSd3.lif12_5_19_Miwo_X_yw_or_ref2pRNAi_females_DCP1555_25minHSd3.lif - ref2pRNAi_020,16,14,1,11,46.346,38.852,0.000,0.000,0.000,0.000,2615.479,0.000,2355.808
12_5_19_Miwo_X_yw_or_ref2pRNAi_females_DCP1555_25minHSd3.lif12_5_19_Miwo_X_yw_or_ref2pRNAi_females_DCP1555_25minHSd3.lif - ref2pRNAi_020,4,14,1,12,38.852,19.135,0.000,0.000,0.000,0.000,2355.808,0.000,840.056
12_5_19_Miwo_X_yw_or_ref2pRNAi_females_DCP1555_25minHSd3.lif12_5_19_Miwo_X_yw_or_ref2pRNAi_females_DCP1555_25minHSd3.lif - ref2pRNAi_020,5,14,1,12,19.135,23.937,0.000,0.000,0.000,0.000,840.056,0.000,1291.951
12_5_19_Miwo_X_yw_or_ref2pRNAi_females_DCP1555_25minHSd3.lif12_5_19_Miwo_X_yw_or_ref2pRNAi_females_DCP1555_25minHSd3.lif - ref2pRNAi_020,6,14,1,12,23.937,25.247,0.000,0.000,0.000,0.000,1291.951,0.000,1451.435
12_5_19_Miwo_X_yw_or_ref2pRNAi_females_DCP1555_25minHSd3.lif12_5_19_Miwo_X_yw_or_ref2pRNAi_females_DCP1555_25minHSd3.lif - ref2pRNAi_020,7,14,1,12,25.247,25.029,0.000,0.000,0.000,0.000,1451.435,0.000,1494.871
12_5_19_Miwo_X_yw_or_ref2pRNAi_females_DCP1555_25minHSd3.lif12_5_19_Miwo_X_yw_or_ref2pRNAi_females_DCP1555_25minHSd3.lif - ref2pRNAi_020,8,14,1,12,25.029,23.355,0.000,0.000,0.000,0.000,1494.871,0.000,1370.456
12_5_19_Miwo_X_yw_or_ref2pRNAi_females_DCP1555_25minHSd3.lif12_5_19_Miwo_X_yw_or_ref2pRNAi_females_DCP1555_25minHSd3.lif - ref2pRNAi_020,9,14,1,12,23.355,21.391,0.000,0.000,0.000,0.000,1370.456,0.000,1113.477
12_5_19_Miwo_X_yw_or_ref2pRNAi_females_DCP1555_25minHSd3.lif12_5_19_Miwo_X_yw_or_ref2pRNAi_females_DCP1555_25minHSd3.lif - ref2pRNAi_020,10,14,1,12,21.391,17.535,0.000,0.000,0.000,0.000,1113.477,0.000,813.572
12_5_19_Miwo_X_yw_or_ref2pRNAi_females_DCP1555_25minHSd3.lif12_5_19_Miwo_X_yw_or_ref2pRNAi_females_DCP1555_25minHSd3.lif - ref2pRNAi_020,8,14,1,13,17.535,15.352,0.000,0.000,0.000,0.000,813.572,0.000,466.301
12_5_19_Miwo_X_yw_or_ref2pRNAi_females_DCP1555_25minHSd3.lif12_5_19_Miwo_X_yw_or_ref2pRNAi_females_DCP1555_25minHSd3.lif - ref2pRNAi_020,13,14,1,14,15.352,3.274,0.000,0.000,0.000,0.000,466.301,0.000,46.783
12_5_19_Miwo_X_yw_or_ref2pRNAi_females_DCP1555_25minHSd3.lif12_5_19_Miwo_X_yw_or_ref2pRNAi_females_DCP1555_25minHSd3.lif - ref2pRNAi_020,14,14,1,14,3.274,13.678,0.000,0.000,0.000,0.000,46.783,0.000,300.779
12_5_19_Miwo_X_yw_or_ref2pRNAi_females_DCP1555_25minHSd3.lif12_5_19_Miwo_X_yw_or_ref2pRNAi_females_DCP1555_25minHSd3.lif - ref2pRNAi_020,15,14,1,14,13.678,36.815,0.000,0.000,0.000,0.000,300.779,0.000,1167.827
12_5_19_Miwo_X_yw_or_ref2pRNAi_females_DCP1555_25minHSd3.lif12_5_19_Miwo_X_yw_or_ref2pRNAi_females_DCP1555_25minHSd3.lif - ref2pRNAi_020,16,14,1,14,36.815,91.747,0.000,0.000,0.000,0.000,1167.827,0.000,3505.082
12_5_19_Miwo_X_yw_or_ref2pRNAi_females_DCP1555_25minHSd3.lif12_5_19_Miwo_X_yw_or_ref2pRNAi_females_DCP1555_25minHSd3.lif - ref2pRNAi_020,15,14,1,15,91.747,20.663,0.000,0.000,0.000,0.000,3505.082,0.000,613.780
12_5_19_Miwo_X_yw_or_ref2pRNAi_females_DCP1555_25minHSd3.lif12_5_19_Miwo_X_yw_or_ref2pRNAi_females_DCP1555_25minHSd3.lif - ref2pRNAi_020,16,14,1,15,20.663,18.335,0.000,0.000,0.000,0.000,613.780,0.000,610.870
